threshold,precision,recall,f1
0.01,0.10495626822157435,0.96,0.18922470433639949
0.015,0.16386890487609912,0.9111111111111111,0.2777777777777778
0.02,0.20648815653964986,0.8911111111111111,0.33528428093645485
0.025,0.22086570477247502,0.8844444444444445,0.35346358792184723
0.03,0.2253280091272105,0.8777777777777778,0.3586019064911484
0.035,0.2253280091272105,0.8777777777777778,0.3586019064911484
0.04,0.2253280091272105,0.8777777777777778,0.3586019064911484
0.045000000000000005,0.2893323100537222,0.8377777777777777,0.43011979463776384
0.05,0.2893323100537222,0.8377777777777777,0.43011979463776384
0.055,0.2893323100537222,0.8377777777777777,0.43011979463776384
0.060000000000000005,0.43159203980099503,0.7711111111111111,0.5534290271132376
0.065,0.43159203980099503,0.7711111111111111,0.5534290271132376
0.06999999999999999,0.43159203980099503,0.7711111111111111,0.5534290271132376
0.075,0.4767932489451477,0.7533333333333333,0.5839793281653747
0.08,0.4767932489451477,0.7533333333333333,0.5839793281653747
0.08499999999999999,0.4767932489451477,0.7533333333333333,0.5839793281653747
0.09,0.4767932489451477,0.7533333333333333,0.5839793281653747
0.095,0.4767932489451477,0.7533333333333333,0.5839793281653747
0.09999999999999999,0.4767932489451477,0.7533333333333333,0.5839793281653747
0.105,0.4767932489451477,0.7533333333333333,0.5839793281653747
0.11,0.4767932489451477,0.7533333333333333,0.5839793281653747
0.11499999999999999,0.4767932489451477,0.7533333333333333,0.5839793281653747
0.12,0.4767932489451477,0.7533333333333333,0.5839793281653747
0.125,0.4767932489451477,0.7533333333333333,0.5839793281653747
0.13,0.4767932489451477,0.7533333333333333,0.5839793281653747
0.135,0.4767932489451477,0.7533333333333333,0.5839793281653747
0.14,0.4767932489451477,0.7533333333333333,0.5839793281653747
0.14500000000000002,0.4767932489451477,0.7533333333333333,0.5839793281653747
0.15000000000000002,0.4767932489451477,0.7533333333333333,0.5839793281653747
0.155,0.5437710437710438,0.7177777777777777,0.6187739463601533
0.16,0.5437710437710438,0.7177777777777777,0.6187739463601533
0.165,0.5437710437710438,0.7177777777777777,0.6187739463601533
0.17,0.5437710437710438,0.7177777777777777,0.6187739463601533
0.17500000000000002,0.5437710437710438,0.7177777777777777,0.6187739463601533
0.18000000000000002,0.5437710437710438,0.7177777777777777,0.6187739463601533
0.18500000000000003,0.5437710437710438,0.7177777777777777,0.6187739463601533
0.19,0.5437710437710438,0.7177777777777777,0.6187739463601533
0.195,0.5437710437710438,0.7177777777777777,0.6187739463601533
0.2,0.5437710437710438,0.7177777777777777,0.6187739463601533
0.20500000000000002,0.5437710437710438,0.7177777777777777,0.6187739463601533
0.21000000000000002,0.5437710437710438,0.7177777777777777,0.6187739463601533
0.21500000000000002,0.5437710437710438,0.7177777777777777,0.6187739463601533
0.22,0.5437710437710438,0.7177777777777777,0.6187739463601533
0.225,0.5437710437710438,0.7177777777777777,0.6187739463601533
0.23,0.5437710437710438,0.7177777777777777,0.6187739463601533
0.23500000000000001,0.5437710437710438,0.7177777777777777,0.6187739463601533
0.24000000000000002,0.5437710437710438,0.7177777777777777,0.6187739463601533
0.24500000000000002,0.5437710437710438,0.7177777777777777,0.6187739463601533
0.25,0.5437710437710438,0.7177777777777777,0.6187739463601533
0.255,0.5437710437710438,0.7177777777777777,0.6187739463601533
0.26,0.5437710437710438,0.7177777777777777,0.6187739463601533
0.265,0.5437710437710438,0.7177777777777777,0.6187739463601533
0.27,0.5437710437710438,0.7177777777777777,0.6187739463601533
0.275,0.5437710437710438,0.7177777777777777,0.6187739463601533
0.28,0.5437710437710438,0.7177777777777777,0.6187739463601533
0.28500000000000003,0.5437710437710438,0.7177777777777777,0.6187739463601533
0.29000000000000004,0.6965699208443272,0.5866666666666667,0.6369119420989143
0.29500000000000004,0.6965699208443272,0.5866666666666667,0.6369119420989143
0.3,0.6965699208443272,0.5866666666666667,0.6369119420989143
0.305,0.6965699208443272,0.5866666666666667,0.6369119420989143
0.31,0.6965699208443272,0.5866666666666667,0.6369119420989143
0.315,0.6965699208443272,0.5866666666666667,0.6369119420989143
0.32,0.6965699208443272,0.5866666666666667,0.6369119420989143
0.325,0.6965699208443272,0.5866666666666667,0.6369119420989143
0.33,0.6965699208443272,0.5866666666666667,0.6369119420989143
0.335,0.6965699208443272,0.5866666666666667,0.6369119420989143
0.34,0.6965699208443272,0.5866666666666667,0.6369119420989143
0.34500000000000003,0.6965699208443272,0.5866666666666667,0.6369119420989143
0.35000000000000003,0.6965699208443272,0.5866666666666667,0.6369119420989143
0.35500000000000004,0.6965699208443272,0.5866666666666667,0.6369119420989143
0.36000000000000004,0.6965699208443272,0.5866666666666667,0.6369119420989143
0.365,0.6965699208443272,0.5866666666666667,0.6369119420989143
0.37,0.6965699208443272,0.5866666666666667,0.6369119420989143
0.375,0.6965699208443272,0.5866666666666667,0.6369119420989143
0.38,0.7892976588628763,0.5244444444444445,0.630173564753004
0.385,0.7892976588628763,0.5244444444444445,0.630173564753004
0.39,0.7892976588628763,0.5244444444444445,0.630173564753004
0.395,0.7892976588628763,0.5244444444444445,0.630173564753004
0.4,0.7892976588628763,0.5244444444444445,0.630173564753004
0.405,0.7892976588628763,0.5244444444444445,0.630173564753004
0.41000000000000003,0.7892976588628763,0.5244444444444445,0.630173564753004
0.41500000000000004,0.7892976588628763,0.5244444444444445,0.630173564753004
0.42000000000000004,0.7892976588628763,0.5244444444444445,0.630173564753004
0.42500000000000004,0.7892976588628763,0.5244444444444445,0.630173564753004
0.43,0.7892976588628763,0.5244444444444445,0.630173564753004
0.435,0.7892976588628763,0.5244444444444445,0.630173564753004
0.44,0.7892976588628763,0.5244444444444445,0.630173564753004
0.445,0.7892976588628763,0.5244444444444445,0.630173564753004
0.45,0.7892976588628763,0.5244444444444445,0.630173564753004
0.455,0.7892976588628763,0.5244444444444445,0.630173564753004
0.46,0.7892976588628763,0.5244444444444445,0.630173564753004
0.465,0.7892976588628763,0.5244444444444445,0.630173564753004
0.47000000000000003,0.7892976588628763,0.5244444444444445,0.630173564753004
0.47500000000000003,0.7892976588628763,0.5244444444444445,0.630173564753004
0.48000000000000004,0.8136200716845878,0.5044444444444445,0.6227709190672154
0.48500000000000004,0.8136200716845878,0.5044444444444445,0.6227709190672154
0.49,0.8136200716845878,0.5044444444444445,0.6227709190672154
0.495,0.8697478991596639,0.46,0.6017441860465116
0.5,0.8697478991596639,0.46,0.6017441860465116
0.505,0.8697478991596639,0.46,0.6017441860465116
0.51,0.8697478991596639,0.46,0.6017441860465116
0.515,0.8697478991596639,0.46,0.6017441860465116
0.52,0.8697478991596639,0.46,0.6017441860465116
0.525,0.8697478991596639,0.46,0.6017441860465116
0.53,0.8697478991596639,0.46,0.6017441860465116
0.535,0.8697478991596639,0.46,0.6017441860465116
0.54,0.8697478991596639,0.46,0.6017441860465116
0.545,0.8697478991596639,0.46,0.6017441860465116
0.55,0.8697478991596639,0.46,0.6017441860465116
0.555,0.8697478991596639,0.46,0.6017441860465116
0.56,0.8697478991596639,0.46,0.6017441860465116
0.5650000000000001,0.8697478991596639,0.46,0.6017441860465116
0.5700000000000001,0.8697478991596639,0.46,0.6017441860465116
0.5750000000000001,0.8697478991596639,0.46,0.6017441860465116
0.5800000000000001,0.8697478991596639,0.46,0.6017441860465116
0.5850000000000001,0.8697478991596639,0.46,0.6017441860465116
0.59,0.9009433962264151,0.42444444444444446,0.5770392749244713
0.595,0.9009433962264151,0.42444444444444446,0.5770392749244713
0.6,0.9009433962264151,0.42444444444444446,0.5770392749244713
0.605,0.9009433962264151,0.42444444444444446,0.5770392749244713
0.61,0.9009433962264151,0.42444444444444446,0.5770392749244713
0.615,0.9009433962264151,0.42444444444444446,0.5770392749244713
0.62,0.9009433962264151,0.42444444444444446,0.5770392749244713
0.625,0.9009433962264151,0.42444444444444446,0.5770392749244713
0.63,0.9009433962264151,0.42444444444444446,0.5770392749244713
0.635,0.9009433962264151,0.42444444444444446,0.5770392749244713
0.64,0.9009433962264151,0.42444444444444446,0.5770392749244713
0.645,0.9009433962264151,0.42444444444444446,0.5770392749244713
0.65,0.9009433962264151,0.42444444444444446,0.5770392749244713
0.655,0.9009433962264151,0.42444444444444446,0.5770392749244713
0.66,0.9009433962264151,0.42444444444444446,0.5770392749244713
0.665,0.9009433962264151,0.42444444444444446,0.5770392749244713
0.67,0.9009433962264151,0.42444444444444446,0.5770392749244713
0.675,0.9009433962264151,0.42444444444444446,0.5770392749244713
0.68,0.9009433962264151,0.42444444444444446,0.5770392749244713
0.685,0.9009433962264151,0.42444444444444446,0.5770392749244713
0.6900000000000001,0.9009433962264151,0.42444444444444446,0.5770392749244713
0.6950000000000001,0.9009433962264151,0.42444444444444446,0.5770392749244713
0.7000000000000001,0.9009433962264151,0.42444444444444446,0.5770392749244713
0.7050000000000001,0.9009433962264151,0.42444444444444446,0.5770392749244713
0.7100000000000001,0.9009433962264151,0.42444444444444446,0.5770392749244713
0.715,0.9009433962264151,0.42444444444444446,0.5770392749244713
0.72,0.9009433962264151,0.42444444444444446,0.5770392749244713
0.725,0.9009433962264151,0.42444444444444446,0.5770392749244713
0.73,0.9009433962264151,0.42444444444444446,0.5770392749244713
0.735,0.9009433962264151,0.42444444444444446,0.5770392749244713
0.74,0.9009433962264151,0.42444444444444446,0.5770392749244713
0.745,0.9009433962264151,0.42444444444444446,0.5770392749244713
0.75,0.9009433962264151,0.42444444444444446,0.5770392749244713
0.755,0.9052132701421801,0.42444444444444446,0.5779122541603631
0.76,0.9052132701421801,0.42444444444444446,0.5779122541603631
0.765,0.9243243243243243,0.38,0.5385826771653544
0.77,0.9490445859872612,0.33111111111111113,0.49093904448105435
0.775,0.9490445859872612,0.33111111111111113,0.49093904448105435
0.78,0.9490445859872612,0.33111111111111113,0.49093904448105435
0.785,0.9490445859872612,0.33111111111111113,0.49093904448105435
0.79,0.9846153846153847,0.28444444444444444,0.4413793103448276
0.795,0.9846153846153847,0.28444444444444444,0.4413793103448276
0.8,0.9846153846153847,0.28444444444444444,0.4413793103448276
0.805,0.9846153846153847,0.28444444444444444,0.4413793103448276
0.81,0.9846153846153847,0.28444444444444444,0.4413793103448276
0.8150000000000001,0.9846153846153847,0.28444444444444444,0.4413793103448276
0.8200000000000001,0.9846153846153847,0.28444444444444444,0.4413793103448276
0.8250000000000001,0.9846153846153847,0.28444444444444444,0.4413793103448276
0.8300000000000001,0.9846153846153847,0.28444444444444444,0.4413793103448276
0.8350000000000001,0.9846153846153847,0.28444444444444444,0.4413793103448276
0.8400000000000001,0.9846153846153847,0.28444444444444444,0.4413793103448276
0.845,0.9846153846153847,0.28444444444444444,0.4413793103448276
0.85,0.9913793103448276,0.25555555555555554,0.40636042402826855
0.855,0.9913793103448276,0.25555555555555554,0.40636042402826855
0.86,0.9907407407407407,0.23777777777777778,0.3835125448028674
0.865,0.9907407407407407,0.23777777777777778,0.3835125448028674
0.87,0.9907407407407407,0.23777777777777778,0.3835125448028674
0.875,0.9907407407407407,0.23777777777777778,0.3835125448028674
0.88,0.9907407407407407,0.23777777777777778,0.3835125448028674
0.885,0.9907407407407407,0.23777777777777778,0.3835125448028674
0.89,0.9907407407407407,0.23777777777777778,0.3835125448028674
0.895,0.9907407407407407,0.23777777777777778,0.3835125448028674
0.9,0.9907407407407407,0.23777777777777778,0.3835125448028674
0.905,0.9907407407407407,0.23777777777777778,0.3835125448028674
0.91,0.9907407407407407,0.23777777777777778,0.3835125448028674
0.915,0.9907407407407407,0.23777777777777778,0.3835125448028674
0.92,0.9907407407407407,0.23777777777777778,0.3835125448028674
0.925,0.9907407407407407,0.23777777777777778,0.3835125448028674
0.93,0.9907407407407407,0.23777777777777778,0.3835125448028674
0.935,0.9907407407407407,0.23777777777777778,0.3835125448028674
0.9400000000000001,0.9907407407407407,0.23777777777777778,0.3835125448028674
0.9450000000000001,0.9907407407407407,0.23777777777777778,0.3835125448028674
0.9500000000000001,0.9907407407407407,0.23777777777777778,0.3835125448028674
0.9550000000000001,0.9907407407407407,0.23777777777777778,0.3835125448028674
0.9600000000000001,0.9907407407407407,0.23777777777777778,0.3835125448028674
0.9650000000000001,0.9907407407407407,0.23777777777777778,0.3835125448028674
0.97,1.0,0.2088888888888889,0.34558823529411764
0.975,1.0,0.1711111111111111,0.2922201138519924
0.98,1.0,0.1711111111111111,0.2922201138519924
0.985,0.0,0.0,0.0
0.99,0.0,0.0,0.0
